sample,metric,control_value,sample_value,delta,percent_change
T159A,raw_contacts,2227.0,749.0,-1478.0,-66.37
T159A,unique_observed_contacts,2053.0,684.0,-1369.0,-66.68
T159A,unique_sequence_contacts,1084.0,351.0,-733.0,-67.62
T159A,inter_chain_or_copy_contacts,2227.0,749.0,-1478.0,-66.37
T159A,symmetry_related_contacts,451.0,131.0,-320.0,-70.95
T159A,hydrogen_bond_like_contacts,322.0,99.0,-223.0,-69.25
T159A,hydrophobic_contacts,242.0,82.0,-160.0,-66.12
T159A,electrostatic_contacts,112.0,38.0,-74.0,-66.07
T159A,aromatic_contacts,52.0,12.0,-40.0,-76.92
T159A,mean_distance,3.817,3.847,0.03,0.79
T159A,median_distance,3.81,3.9,0.09,2.36
T159A,contacts_le_3_5A,724.0,227.0,-497.0,-68.65
T159A,contacts_le_4A,1354.0,416.0,-938.0,-69.28
T159A,total_buried_sasa,940.331,415.468,-524.863,-55.82
T159A,mean_buried_sasa,1.353,1.468,0.115,8.5
T159A,max_buried_sasa,20.8,14.2,-6.6,-31.73
T159A,buried_residue_entries,695.0,283.0,-412.0,-59.28
T155A,raw_contacts,2227.0,753.0,-1474.0,-66.19
T155A,unique_observed_contacts,2053.0,686.0,-1367.0,-66.59
T155A,unique_sequence_contacts,1084.0,352.0,-732.0,-67.53
T155A,inter_chain_or_copy_contacts,2227.0,753.0,-1474.0,-66.19
T155A,symmetry_related_contacts,451.0,135.0,-316.0,-70.07
T155A,hydrogen_bond_like_contacts,322.0,111.0,-211.0,-65.53
T155A,hydrophobic_contacts,242.0,80.0,-162.0,-66.94
T155A,electrostatic_contacts,112.0,38.0,-74.0,-66.07
T155A,aromatic_contacts,52.0,12.0,-40.0,-76.92
T155A,mean_distance,3.817,3.833,0.016,0.42
T155A,median_distance,3.81,3.88,0.07,1.84
T155A,contacts_le_3_5A,724.0,231.0,-493.0,-68.09
T155A,contacts_le_4A,1354.0,422.0,-932.0,-68.83
T155A,total_buried_sasa,940.331,464.588,-475.743,-50.59
T155A,mean_buried_sasa,1.353,1.636,0.283,20.92
T155A,max_buried_sasa,20.8,19.0,-1.8,-8.65
T155A,buried_residue_entries,695.0,284.0,-411.0,-59.14
