status,sequence_pair
lost_vs_control,ALA116 -- ALA22
lost_vs_control,ALA116 -- ASP23
lost_vs_control,ALA116 -- PRO24
lost_vs_control,ALA116 -- VAL25
lost_vs_control,ALA117 -- ARG151
lost_vs_control,ALA117 -- ASN114
lost_vs_control,ALA119 -- VAL112
lost_vs_control,ALA121 -- PRO32
lost_vs_control,ALA140 -- ARG60
lost_vs_control,ALA140 -- LYS63
lost_vs_control,ALA140 -- PHE61
lost_vs_control,ALA140 -- PHE62
lost_vs_control,ALA140 -- THR22
lost_vs_control,ALA145 -- THR23
lost_vs_control,ALA167 -- VAL206
lost_vs_control,ALA171 -- GLN203
lost_vs_control,ALA171 -- ILE205
lost_vs_control,ALA185 -- ALA198
lost_vs_control,ALA185 -- THR112
lost_vs_control,ALA185 -- TYR63
lost_vs_control,ALA185 -- VAL200
lost_vs_control,ALA193 -- ALA92
lost_vs_control,ALA193 -- GLN96
lost_vs_control,ALA193 -- GLU220
lost_vs_control,ALA193 -- GLY93
lost_vs_control,ALA193 -- SER87
lost_vs_control,ALA194 -- GLY192
lost_vs_control,ALA194 -- LYS193
lost_vs_control,ALA199 -- ALA82
lost_vs_control,ALA199 -- ALA83
lost_vs_control,ALA199 -- ASP78
lost_vs_control,ALA199 -- HIS85
lost_vs_control,ALA199 -- LYS84
lost_vs_control,ALA205 -- THR12
lost_vs_control,ALA207 -- ASN164
lost_vs_control,ALA207 -- ILE50
lost_vs_control,ALA207 -- THR161
lost_vs_control,ALA217 -- GLN203
lost_vs_control,ALA219 -- HIS59
lost_vs_control,ALA219 -- ILE194
lost_vs_control,ALA22 -- ARG114
lost_vs_control,ALA22 -- GLN31
lost_vs_control,ALA22 -- GLU77
lost_vs_control,ALA22 -- GLY1
lost_vs_control,ALA22 -- LEU115
lost_vs_control,ALA22 -- TYR11
lost_vs_control,ALA37 -- PRO38
lost_vs_control,ALA4 -- ASN152
lost_vs_control,ALA4 -- LYS154
lost_vs_control,ALA4 -- SER153
lost_vs_control,ALA50 -- ALA72
lost_vs_control,ALA50 -- LEU71
lost_vs_control,ALA50 -- PHE68
lost_vs_control,ALA50 -- PRO10
lost_vs_control,ALA6 -- ASP23
lost_vs_control,ALA6 -- GLY12
lost_vs_control,ALA6 -- ILE2
lost_vs_control,ALA6 -- PHE3
lost_vs_control,ALA6 -- PRO4
lost_vs_control,ALA6 -- TYR11
lost_vs_control,ALA6 -- VAL5
lost_vs_control,ALA68 -- PHE41
lost_vs_control,ALA68 -- PHE90
lost_vs_control,ALA72 -- ASP46
lost_vs_control,ALA72 -- GLU49
lost_vs_control,ALA72 -- LYS207
lost_vs_control,ALA79 -- LEU14
lost_vs_control,ALA82 -- ARG200
lost_vs_control,ALA82 -- HIS201
lost_vs_control,ALA82 -- ILE14
lost_vs_control,ALA82 -- LEU15
lost_vs_control,ALA82 -- PRO196
lost_vs_control,ALA82 -- THR16
lost_vs_control,ALA83 -- ARG200
lost_vs_control,ALA83 -- PRO196
lost_vs_control,ALA85 -- ARG18
lost_vs_control,ALA85 -- ASN19
lost_vs_control,ALA93 -- ILE205
lost_vs_control,ALA93 -- LYS204
lost_vs_control,ALA93 -- VAL206
lost_vs_control,ARG114 -- ASP18
lost_vs_control,ARG114 -- ASP23
lost_vs_control,ARG114 -- LEU14
lost_vs_control,ARG114 -- LYS20
lost_vs_control,ARG114 -- THR21
lost_vs_control,ARG114 -- VAL15
lost_vs_control,ARG120 -- GLU108
lost_vs_control,ARG120 -- SER24
lost_vs_control,ARG120 -- THR110
lost_vs_control,ARG120 -- THR155
lost_vs_control,ARG120 -- THR25
lost_vs_control,ARG120 -- THR26
lost_vs_control,ARG120 -- VAL112
lost_vs_control,ARG124 -- ARG34
lost_vs_control,ARG124 -- LEU37
lost_vs_control,ARG124 -- PRO32
lost_vs_control,ARG124 -- PRO33
lost_vs_control,ARG135 -- ASN88
lost_vs_control,ARG135 -- GLU220
lost_vs_control,ARG135 -- SER87
lost_vs_control,ARG151 -- GLY113
lost_vs_control,ARG151 -- GLY150
lost_vs_control,ARG151 -- LEU10
lost_vs_control,ARG151 -- LEU9
lost_vs_control,ARG151 -- PHE111
lost_vs_control,ARG151 -- PRO114
lost_vs_control,ARG151 -- SER153
lost_vs_control,ARG151 -- THR112
lost_vs_control,ARG151 -- THR115
lost_vs_control,ARG151 -- THR149
lost_vs_control,ARG167 -- PRO33
lost_vs_control,ARG179 -- ASP18
lost_vs_control,ARG179 -- LYS20
lost_vs_control,ARG179 -- PRO19
lost_vs_control,ARG179 -- THR16
lost_vs_control,ARG179 -- THR17
lost_vs_control,ARG179 -- VAL15
lost_vs_control,ARG18 -- ASN17
lost_vs_control,ARG18 -- GLY19
lost_vs_control,ARG18 -- LEU83
lost_vs_control,ARG18 -- LEU84
lost_vs_control,ARG18 -- TYR18
lost_vs_control,ARG182 -- ARG34
lost_vs_control,ARG182 -- ASN31
lost_vs_control,ARG189 -- PHE90
lost_vs_control,ARG200 -- ASN179
lost_vs_control,ARG200 -- ASP173
lost_vs_control,ARG200 -- ASP78
lost_vs_control,ARG200 -- GLU176
lost_vs_control,ARG200 -- LYS84
lost_vs_control,ARG200 -- SER172
lost_vs_control,ARG200 -- SER80
lost_vs_control,ARG200 -- THR177
lost_vs_control,ARG200 -- THR178
lost_vs_control,ARG212 -- ASN31
lost_vs_control,ARG212 -- HIS29
lost_vs_control,ARG212 -- PHE30
lost_vs_control,ARG212 -- PRO32
lost_vs_control,ARG212 -- VAL29
lost_vs_control,ARG218 -- HIS59
lost_vs_control,ARG218 -- ILE194
lost_vs_control,ARG26 -- GLU210
lost_vs_control,ARG26 -- LEU211
lost_vs_control,ARG26 -- PHE30
lost_vs_control,ARG26 -- THR36
lost_vs_control,ARG27 -- ASN43
lost_vs_control,ARG27 -- ASP208
lost_vs_control,ARG27 -- ASP46
lost_vs_control,ARG27 -- GLU210
lost_vs_control,ARG27 -- GLU49
lost_vs_control,ARG27 -- GLY206
lost_vs_control,ARG27 -- LEU45
lost_vs_control,ARG27 -- LYS207
lost_vs_control,ARG27 -- PHE209
lost_vs_control,ARG34 -- ASP35
lost_vs_control,ARG34 -- GLU184
lost_vs_control,ARG34 -- PHE73
lost_vs_control,ARG34 -- THR36
lost_vs_control,ARG34 -- TYR186
lost_vs_control,ARG34 -- VAL125
lost_vs_control,ARG38 -- PRO214
lost_vs_control,ARG38 -- THR102
lost_vs_control,ARG38 -- THR16
lost_vs_control,ARG38 -- THR17
lost_vs_control,ARG40 -- ASN65
lost_vs_control,ARG40 -- ASP66
lost_vs_control,ARG40 -- CYS187
lost_vs_control,ARG40 -- GLU184
lost_vs_control,ARG40 -- PHE68
lost_vs_control,ARG40 -- THR185
lost_vs_control,ARG40 -- TRP67
lost_vs_control,ARG40 -- TYR186
lost_vs_control,ARG54 -- GLN57
lost_vs_control,ARG56 -- HIS195
lost_vs_control,ARG56 -- TYR138
lost_vs_control,ARG60 -- CYS142
lost_vs_control,ARG60 -- GLU213
lost_vs_control,ARG60 -- HIS141
lost_vs_control,ARG60 -- HIS144
lost_vs_control,ARG60 -- ILE143
lost_vs_control,ARG72 -- TYR200
lost_vs_control,ASN106 -- THR12
lost_vs_control,ASN106 -- THR13
lost_vs_control,ASN106 -- VAL11
lost_vs_control,ASN114 -- ASP116
lost_vs_control,ASN114 -- GLY192
lost_vs_control,ASN114 -- LYS118
lost_vs_control,ASN114 -- LYS193
lost_vs_control,ASN117 -- GLY113
lost_vs_control,ASN117 -- PRO114
lost_vs_control,ASN117 -- THR115
lost_vs_control,ASN149 -- GLY113
lost_vs_control,ASN149 -- MET110
lost_vs_control,ASN149 -- PHE111
lost_vs_control,ASN149 -- SER153
lost_vs_control,ASN149 -- THR112
lost_vs_control,ASN152 -- GLN27
lost_vs_control,ASN152 -- ILE14
lost_vs_control,ASN152 -- PHE80
lost_vs_control,ASN152 -- SER3
lost_vs_control,ASN152 -- THR2
lost_vs_control,ASN164 -- PRO208
lost_vs_control,ASN164 -- VAL206
lost_vs_control,ASN17 -- ASP18
lost_vs_control,ASN17 -- GLY27
lost_vs_control,ASN17 -- LYS20
lost_vs_control,ASN17 -- PRO19
lost_vs_control,ASN17 -- THR17
lost_vs_control,ASN17 -- THR23
lost_vs_control,ASN17 -- TYR30
lost_vs_control,ASN190 -- ASP197
lost_vs_control,ASN190 -- PRO114
lost_vs_control,ASN190 -- THR191
lost_vs_control,ASN202 -- GLU146
lost_vs_control,ASN202 -- HIS144
lost_vs_control,ASN23 -- ILE21
lost_vs_control,ASN24 -- GLY1
lost_vs_control,ASN24 -- ILE21
lost_vs_control,ASN24 -- THR21
lost_vs_control,ASN31 -- ASP35
lost_vs_control,ASN31 -- MET34
lost_vs_control,ASN31 -- PHE73
lost_vs_control,ASN31 -- SER33
lost_vs_control,ASN31 -- THR36
lost_vs_control,ASN31 -- TYR119
lost_vs_control,ASN32 -- VAL29
lost_vs_control,ASN35 -- ASP41
lost_vs_control,ASN35 -- GLN37
lost_vs_control,ASN35 -- LEU38
lost_vs_control,ASN35 -- PHE42
lost_vs_control,ASN35 -- THR159
lost_vs_control,ASN35 -- THR36
lost_vs_control,ASN43 -- ASN65
lost_vs_control,ASN43 -- ASP31
lost_vs_control,ASN43 -- THR30
lost_vs_control,ASN43 -- VAL32
lost_vs_control,ASN65 -- ASP46
lost_vs_control,ASN65 -- PHE41
lost_vs_control,ASN65 -- THR42
lost_vs_control,ASN88 -- GLN139
lost_vs_control,ASN88 -- HIS195
lost_vs_control,ASN88 -- LEU192
lost_vs_control,ASN88 -- TYR138
lost_vs_control,ASN91 -- VAL206
lost_vs_control,ASP116 -- GLN115
lost_vs_control,ASP116 -- GLU192
lost_vs_control,ASP116 -- PHE116
lost_vs_control,ASP12 -- LEU151
lost_vs_control,ASP148 -- GLN27
lost_vs_control,ASP148 -- MET154
lost_vs_control,ASP148 -- SER28
lost_vs_control,ASP148 -- THR155
lost_vs_control,ASP148 -- THR25
lost_vs_control,ASP148 -- THR26
lost_vs_control,ASP166 -- PRO32
lost_vs_control,ASP166 -- PRO33
lost_vs_control,ASP173 -- GLN203
lost_vs_control,ASP173 -- ILE205
lost_vs_control,ASP173 -- LYS202
lost_vs_control,ASP173 -- LYS204
lost_vs_control,ASP18 -- PHE39
lost_vs_control,ASP18 -- PRO24
lost_vs_control,ASP18 -- VAL25
lost_vs_control,ASP197 -- THR188
lost_vs_control,ASP208 -- GLN23
lost_vs_control,ASP208 -- GLN25
lost_vs_control,ASP208 -- GLU21
lost_vs_control,ASP208 -- ILE24
lost_vs_control,ASP208 -- THR22
lost_vs_control,ASP216 -- HIS59
lost_vs_control,ASP216 -- LEU61
lost_vs_control,ASP216 -- THR60
lost_vs_control,ASP23 -- GLN31
lost_vs_control,ASP23 -- GLY1
lost_vs_control,ASP23 -- GLY12
lost_vs_control,ASP23 -- ILE2
lost_vs_control,ASP23 -- LEU115
lost_vs_control,ASP23 -- TYR11
lost_vs_control,ASP23 -- TYR26
lost_vs_control,ASP31 -- LEU44
lost_vs_control,ASP31 -- THR42
lost_vs_control,ASP41 -- GLN36
lost_vs_control,ASP41 -- LEU37
lost_vs_control,ASP41 -- PRO38
lost_vs_control,ASP46 -- PHE68
lost_vs_control,ASP46 -- SER69
lost_vs_control,ASP52 -- PRO208
lost_vs_control,ASP66 -- LEU37
lost_vs_control,ASP68 -- SER72
lost_vs_control,ASP85 -- GLU175
lost_vs_control,ASP9 -- GLY12
lost_vs_control,ASP9 -- GLY13
lost_vs_control,ASP9 -- HIS108
lost_vs_control,ASP9 -- LEU14
lost_vs_control,ASP9 -- LYS109
lost_vs_control,ASP9 -- LYS154
lost_vs_control,CYS120 -- MET110
lost_vs_control,CYS120 -- THR112
lost_vs_control,CYS142 -- HIS21
lost_vs_control,CYS142 -- THR22
lost_vs_control,CYS187 -- GLY39
lost_vs_control,CYS187 -- PHE41
lost_vs_control,CYS187 -- PRO38
lost_vs_control,CYS51 -- LEU142
lost_vs_control,CYS51 -- LEU71
lost_vs_control,CYS51 -- PHE68
lost_vs_control,CYS51 -- THR141
lost_vs_control,CYS7 -- CYS7
lost_vs_control,CYS7 -- GLY12
lost_vs_control,CYS7 -- LYS109
lost_vs_control,CYS7 -- TYR11
lost_vs_control,CYS7 -- VAL5
lost_vs_control,GLN115 -- LEU9
lost_vs_control,GLN115 -- LYS118
lost_vs_control,GLN115 -- PRO114
lost_vs_control,GLN115 -- THR115
lost_vs_control,GLN139 -- PHE54
lost_vs_control,GLN139 -- PHE90
lost_vs_control,GLN139 -- THR53
lost_vs_control,GLN139 -- THR89
lost_vs_control,GLN196 -- SER72
lost_vs_control,GLN196 -- THR71
lost_vs_control,GLN203 -- PRO94
lost_vs_control,GLN203 -- SER172
lost_vs_control,GLN203 -- VAL174
lost_vs_control,GLN23 -- GLY45
lost_vs_control,GLN23 -- GLY50
lost_vs_control,GLN23 -- PRO46
lost_vs_control,GLN23 -- SER49
lost_vs_control,GLN25 -- GLU210
lost_vs_control,GLN25 -- LYS207
lost_vs_control,GLN25 -- PHE209
lost_vs_control,GLN27 -- GLY150
lost_vs_control,GLN27 -- LEU151
lost_vs_control,GLN27 -- THR149
lost_vs_control,GLN27 -- THR2
lost_vs_control,GLN28 -- LYS28
lost_vs_control,GLN28 -- PHE30
lost_vs_control,GLN29 -- GLY27
lost_vs_control,GLN29 -- LYS28
lost_vs_control,GLN29 -- VAL29
lost_vs_control,GLN31 -- GLY1
lost_vs_control,GLN31 -- PRO24
lost_vs_control,GLN31 -- THR21
lost_vs_control,GLN36 -- PHE42
lost_vs_control,GLN37 -- PRO33
lost_vs_control,GLN57 -- THR53
lost_vs_control,GLN57 -- TYR98
lost_vs_control,GLN57 -- VAL55
lost_vs_control,GLN96 -- ILE194
lost_vs_control,GLN96 -- LEU191
lost_vs_control,GLN96 -- LEU192
lost_vs_control,GLU108 -- GLU146
lost_vs_control,GLU11 -- GLY150
lost_vs_control,GLU11 -- LEU151
lost_vs_control,GLU11 -- LEU9
lost_vs_control,GLU137 -- HIS65
lost_vs_control,GLU137 -- LYS63
lost_vs_control,GLU137 -- THR64
lost_vs_control,GLU137 -- TYR200
lost_vs_control,GLU146 -- LYS63
lost_vs_control,GLU146 -- SER24
lost_vs_control,GLU146 -- THR23
lost_vs_control,GLU146 -- THR25
lost_vs_control,GLU175 -- TYR107
lost_vs_control,GLU176 -- LYS202
lost_vs_control,GLU192 -- GLU192
lost_vs_control,GLU192 -- LYS193
lost_vs_control,GLU192 -- THR191
lost_vs_control,GLU198 -- LYS84
lost_vs_control,GLU21 -- GLY50
lost_vs_control,GLU21 -- SER49
lost_vs_control,GLU210 -- ILE24
lost_vs_control,GLU213 -- HIS21
lost_vs_control,GLU218 -- GLY89
lost_vs_control,GLU218 -- HIS87
lost_vs_control,GLU218 -- LYS88
lost_vs_control,GLU220 -- HIS195
lost_vs_control,GLU220 -- HIS59
lost_vs_control,GLU220 -- ILE194
lost_vs_control,GLU220 -- LEU192
lost_vs_control,GLU220 -- SER58
lost_vs_control,GLU49 -- PRO10
lost_vs_control,GLU49 -- THR12
lost_vs_control,GLU6 -- MET110
lost_vs_control,GLU6 -- SER153
lost_vs_control,GLU77 -- LYS20
lost_vs_control,GLU77 -- THR21
lost_vs_control,GLU95 -- ILE205
lost_vs_control,GLU95 -- LYS204
lost_vs_control,GLU95 -- VAL206
lost_vs_control,GLY1 -- PRO24
lost_vs_control,GLY1 -- THR21
lost_vs_control,GLY1 -- TYR11
lost_vs_control,GLY1 -- TYR25
lost_vs_control,GLY1 -- TYR26
lost_vs_control,GLY113 -- GLY118
lost_vs_control,GLY113 -- GLY192
lost_vs_control,GLY113 -- LYS118
lost_vs_control,GLY118 -- PRO114
lost_vs_control,GLY118 -- THR112
lost_vs_control,GLY119 -- THR112
lost_vs_control,GLY12 -- SER8
lost_vs_control,GLY150 -- LEU10
lost_vs_control,GLY16 -- LYS28
lost_vs_control,GLY16 -- TYR30
lost_vs_control,GLY166 -- VAL206
lost_vs_control,GLY19 -- GLY50
lost_vs_control,GLY19 -- HIS21
lost_vs_control,GLY19 -- LEU51
lost_vs_control,GLY19 -- MET27
lost_vs_control,GLY19 -- PRO19
lost_vs_control,GLY19 -- TYR25
lost_vs_control,GLY19 -- TYR26
lost_vs_control,GLY19 -- TYR30
lost_vs_control,GLY192 -- VAL112
lost_vs_control,GLY193 -- LYS193
lost_vs_control,GLY196 -- THR188
lost_vs_control,GLY20 -- GLY50
lost_vs_control,GLY20 -- LEU51
lost_vs_control,GLY20 -- SER49
lost_vs_control,GLY20 -- TYR18
lost_vs_control,GLY206 -- THR12
lost_vs_control,GLY27 -- HIS29
lost_vs_control,GLY27 -- PHE34
lost_vs_control,GLY27 -- TYR30
lost_vs_control,GLY39 -- PHE68
lost_vs_control,GLY39 -- PRO188
lost_vs_control,GLY39 -- THR185
lost_vs_control,GLY39 -- TRP67
lost_vs_control,GLY39 -- TYR186
lost_vs_control,GLY39 -- TYR36
lost_vs_control,GLY5 -- LYS154
lost_vs_control,GLY5 -- MET110
lost_vs_control,GLY5 -- SER153
lost_vs_control,GLY60 -- PHE75
lost_vs_control,GLY60 -- TYR138
lost_vs_control,GLY64 -- TYR97
lost_vs_control,GLY81 -- ILE14
lost_vs_control,GLY81 -- LEU15
lost_vs_control,GLY81 -- THR16
lost_vs_control,GLY89 -- HIS141
lost_vs_control,GLY89 -- SER216
lost_vs_control,GLY92 -- ILE205
lost_vs_control,GLY92 -- VAL206
lost_vs_control,GLY93 -- LEU191
lost_vs_control,GLY93 -- LEU192
lost_vs_control,HIS108 -- VAL11
lost_vs_control,HIS123 -- PRO32
lost_vs_control,HIS141 -- HIS87
lost_vs_control,HIS141 -- LYS88
lost_vs_control,HIS141 -- PHE62
lost_vs_control,HIS144 -- HIS21
lost_vs_control,HIS144 -- LYS63
lost_vs_control,HIS144 -- PHE61
lost_vs_control,HIS144 -- THR22
lost_vs_control,HIS144 -- THR23
lost_vs_control,HIS157 -- LEU84
lost_vs_control,HIS191 -- VAL112
lost_vs_control,HIS195 -- LYS84
lost_vs_control,HIS195 -- SER87
lost_vs_control,HIS201 -- SER172
lost_vs_control,HIS21 -- ILE143
lost_vs_control,HIS21 -- LEU51
lost_vs_control,HIS21 -- TYR18
lost_vs_control,HIS29 -- LEU211
lost_vs_control,HIS29 -- LEU213
lost_vs_control,HIS29 -- LYS28
lost_vs_control,HIS29 -- PRO214
lost_vs_control,HIS29 -- TYR98
lost_vs_control,HIS29 -- VAL29
lost_vs_control,HIS59 -- TYR97
lost_vs_control,ILE14 -- PHE80
lost_vs_control,ILE14 -- THR2
lost_vs_control,ILE143 -- TYR18
lost_vs_control,ILE159 -- TYR18
lost_vs_control,ILE159 -- VAL15
lost_vs_control,ILE189 -- LYS63
lost_vs_control,ILE189 -- TYR200
lost_vs_control,ILE194 -- SER87
lost_vs_control,ILE2 -- LYS20
lost_vs_control,ILE2 -- PRO4
lost_vs_control,ILE2 -- SER8
lost_vs_control,ILE2 -- THR21
lost_vs_control,ILE2 -- TYR11
lost_vs_control,ILE2 -- TYR25
lost_vs_control,ILE2 -- TYR26
lost_vs_control,ILE2 -- VAL5
lost_vs_control,ILE205 -- PRO94
lost_vs_control,ILE205 -- SER172
lost_vs_control,ILE205 -- TYR169
lost_vs_control,ILE21 -- MET27
lost_vs_control,ILE21 -- TYR25
lost_vs_control,ILE21 -- TYR26
lost_vs_control,ILE22 -- PHE3
lost_vs_control,ILE22 -- TYR25
lost_vs_control,ILE35 -- LEU44
lost_vs_control,ILE35 -- PRO214
lost_vs_control,ILE35 -- TYR98
lost_vs_control,ILE50 -- PRO208
lost_vs_control,LEU10 -- LEU151
lost_vs_control,LEU10 -- LEU9
lost_vs_control,LEU10 -- THR115
lost_vs_control,LEU112 -- LEU14
lost_vs_control,LEU112 -- TYR107
lost_vs_control,LEU115 -- VAL25
lost_vs_control,LEU117 -- VAL25
lost_vs_control,LEU122 -- PHE54
lost_vs_control,LEU137 -- PHE54
lost_vs_control,LEU14 -- LEU177
lost_vs_control,LEU14 -- PHE39
lost_vs_control,LEU142 -- PHE90
lost_vs_control,LEU142 -- THR53
lost_vs_control,LEU142 -- VAL47
lost_vs_control,LEU15 -- LEU83
lost_vs_control,LEU15 -- LEU84
lost_vs_control,LEU151 -- THR152
lost_vs_control,LEU159 -- PRO208
lost_vs_control,LEU177 -- THR101
lost_vs_control,LEU177 -- THR16
lost_vs_control,LEU177 -- TYR107
lost_vs_control,LEU191 -- LEU94
lost_vs_control,LEU191 -- PHE90
lost_vs_control,LEU191 -- THR89
lost_vs_control,LEU191 -- TYR97
lost_vs_control,LEU202 -- THR141
lost_vs_control,LEU211 -- THR30
lost_vs_control,LEU213 -- TYR26
lost_vs_control,LEU213 -- VAL29
lost_vs_control,LEU37 -- TYR186
lost_vs_control,LEU37 -- VAL125
lost_vs_control,LEU38 -- PRO33
lost_vs_control,LEU44 -- LEU65
lost_vs_control,LEU44 -- THR30
lost_vs_control,LEU44 -- VAL32
lost_vs_control,LEU45 -- THR30
lost_vs_control,LEU51 -- TYR18
lost_vs_control,LEU51 -- VAL15
lost_vs_control,LEU55 -- TYR138
lost_vs_control,LEU61 -- PRO214
lost_vs_control,LEU61 -- THR102
lost_vs_control,LEU61 -- TYR97
lost_vs_control,LEU61 -- VAL215
lost_vs_control,LEU65 -- LEU94
lost_vs_control,LEU65 -- TYR97
lost_vs_control,LEU79 -- THR16
lost_vs_control,LEU83 -- THR16
lost_vs_control,LEU84 -- THR16
lost_vs_control,LEU84 -- THR17
lost_vs_control,LEU84 -- TYR34
lost_vs_control,LEU84 -- VAL32
lost_vs_control,LEU9 -- LEU9
lost_vs_control,LEU9 -- THR115
lost_vs_control,LEU94 -- THR30
lost_vs_control,LEU98 -- VAL206
lost_vs_control,LYS118 -- MET154
lost_vs_control,LYS118 -- VAL112
lost_vs_control,LYS154 -- SER3
lost_vs_control,LYS154 -- THR1
lost_vs_control,LYS154 -- THR2
lost_vs_control,LYS154 -- VAL11
lost_vs_control,LYS181 -- LYS20
lost_vs_control,LYS181 -- THR21
lost_vs_control,LYS193 -- PRO195
lost_vs_control,LYS198 -- THR190
lost_vs_control,LYS20 -- PRO4
lost_vs_control,LYS20 -- SER20
lost_vs_control,LYS20 -- SER8
lost_vs_control,LYS20 -- THR18
lost_vs_control,LYS20 -- TYR11
lost_vs_control,LYS202 -- SER172
lost_vs_control,LYS202 -- VAL174
lost_vs_control,LYS204 -- LYS96
lost_vs_control,LYS204 -- PRO94
lost_vs_control,LYS204 -- VAL174
lost_vs_control,LYS207 -- SER77
lost_vs_control,LYS207 -- THR12
lost_vs_control,LYS207 -- THR14
lost_vs_control,LYS207 -- THR22
lost_vs_control,LYS28 -- PHE34
lost_vs_control,LYS28 -- SER15
lost_vs_control,LYS28 -- TYR30
lost_vs_control,LYS34 -- THR159
lost_vs_control,LYS41 -- THR101
lost_vs_control,LYS41 -- TYR107
lost_vs_control,LYS63 -- MET122
lost_vs_control,LYS63 -- PRO136
lost_vs_control,LYS81 -- TYR107
lost_vs_control,LYS84 -- PRO196
lost_vs_control,LYS84 -- THR197
lost_vs_control,LYS88 -- SER216
lost_vs_control,MET110 -- PHE147
lost_vs_control,MET154 -- THR149
lost_vs_control,MET182 -- PHE54
lost_vs_control,MET27 -- SER20
lost_vs_control,MET27 -- THR18
lost_vs_control,MET34 -- PHE30
lost_vs_control,MET34 -- VAL29
lost_vs_control,PHE116 -- PHE116
lost_vs_control,PHE116 -- PRO114
lost_vs_control,PHE116 -- THR115
lost_vs_control,PHE147 -- PHE54
lost_vs_control,PHE155 -- THR1
lost_vs_control,PHE155 -- THR2
lost_vs_control,PHE155 -- THR25
lost_vs_control,PHE157 -- THR13
lost_vs_control,PHE157 -- TYR18
lost_vs_control,PHE162 -- PRO38
lost_vs_control,PHE163 -- PRO208
lost_vs_control,PHE3 -- PHE3
lost_vs_control,PHE3 -- PRO4
lost_vs_control,PHE3 -- TYR25
lost_vs_control,PHE3 -- VAL5
lost_vs_control,PHE30 -- THR36
lost_vs_control,PHE30 -- TYR167
lost_vs_control,PHE34 -- PRO214
lost_vs_control,PHE34 -- TYR30
lost_vs_control,PHE39 -- THR101
lost_vs_control,PHE39 -- THR102
lost_vs_control,PHE39 -- THR16
lost_vs_control,PHE39 -- THR17
lost_vs_control,PHE39 -- VAL15
lost_vs_control,PHE41 -- PHE68
lost_vs_control,PHE41 -- PRO188
lost_vs_control,PHE41 -- SER69
lost_vs_control,PHE41 -- THR185
lost_vs_control,PHE41 -- TYR186
lost_vs_control,PHE41 -- VAL32
lost_vs_control,PHE54 -- THR141
lost_vs_control,PHE54 -- TYR138
lost_vs_control,PHE54 -- VAL184
lost_vs_control,PHE68 -- VAL47
lost_vs_control,PHE75 -- PRO62
lost_vs_control,PHE75 -- TYR63
lost_vs_control,PHE75 -- VAL61
lost_vs_control,PHE90 -- PRO190
lost_vs_control,PRO104 -- TYR26
lost_vs_control,PRO104 -- VAL25
lost_vs_control,PRO114 -- THR188
lost_vs_control,PRO118 -- TYR26
lost_vs_control,PRO118 -- VAL29
lost_vs_control,PRO122 -- PRO32
lost_vs_control,PRO160 -- PRO208
lost_vs_control,PRO160 -- THR159
lost_vs_control,PRO160 -- TYR18
lost_vs_control,PRO160 -- VAL15
lost_vs_control,PRO161 -- PRO38
lost_vs_control,PRO186 -- TYR63
lost_vs_control,PRO188 -- VAL47
lost_vs_control,PRO19 -- PRO24
lost_vs_control,PRO19 -- SER20
lost_vs_control,PRO19 -- THR18
lost_vs_control,PRO19 -- VAL25
lost_vs_control,PRO195 -- THR71
lost_vs_control,PRO195 -- VAL189
lost_vs_control,PRO196 -- SER87
lost_vs_control,PRO208 -- SER162
lost_vs_control,PRO208 -- THR161
lost_vs_control,PRO214 -- TYR26
lost_vs_control,PRO24 -- TYR26
lost_vs_control,PRO24 -- TYR30
lost_vs_control,PRO32 -- THR36
lost_vs_control,PRO32 -- TYR119
lost_vs_control,PRO32 -- TYR167
lost_vs_control,PRO33 -- PRO46
lost_vs_control,PRO33 -- THR36
lost_vs_control,PRO38 -- TYR186
lost_vs_control,PRO38 -- TYR36
lost_vs_control,PRO38 -- VAL163
lost_vs_control,PRO4 -- SER8
lost_vs_control,PRO4 -- TYR25
lost_vs_control,PRO4 -- TYR26
lost_vs_control,PRO52 -- THR141
lost_vs_control,PRO62 -- TYR138
lost_vs_control,PRO62 -- VAL184
lost_vs_control,PRO90 -- TYR26
lost_vs_control,PRO90 -- VAL206
lost_vs_control,PRO94 -- VAL206
lost_vs_control,SER153 -- SER3
lost_vs_control,SER153 -- THR152
lost_vs_control,SER158 -- THR13
lost_vs_control,SER158 -- THR14
lost_vs_control,SER158 -- TYR18
lost_vs_control,SER158 -- VAL15
lost_vs_control,SER20 -- TYR25
lost_vs_control,SER20 -- TYR26
lost_vs_control,SER204 -- VAL11
lost_vs_control,SER33 -- THR42
lost_vs_control,SER33 -- VAL29
lost_vs_control,SER49 -- VAL15
lost_vs_control,SER58 -- TYR97
lost_vs_control,SER72 -- VAL70
lost_vs_control,SER8 -- VAL5
lost_vs_control,SER97 -- VAL90
lost_vs_control,THR1 -- THR156
lost_vs_control,THR102 -- VAL40
lost_vs_control,THR102 -- VAL62
lost_vs_control,THR104 -- VAL15
lost_vs_control,THR110 -- THR190
lost_vs_control,THR120 -- TYR26
lost_vs_control,THR13 -- THR156
lost_vs_control,THR141 -- THR53
lost_vs_control,THR156 -- VAL11
lost_vs_control,THR159 -- THR159
lost_vs_control,THR161 -- VAL206
lost_vs_control,THR17 -- TYR26
lost_vs_control,THR17 -- VAL25
lost_vs_control,THR18 -- THR21
lost_vs_control,THR18 -- TYR30
lost_vs_control,THR190 -- TYR200
lost_vs_control,THR190 -- VAL112
lost_vs_control,THR191 -- THR191
lost_vs_control,THR2 -- THR25
lost_vs_control,THR21 -- TYR11
lost_vs_control,THR22 -- TYR18
lost_vs_control,THR23 -- TYR18
lost_vs_control,THR25 -- TRP147
lost_vs_control,THR30 -- THR42
lost_vs_control,THR30 -- TYR98
lost_vs_control,THR42 -- VAL32
lost_vs_control,THR53 -- TYR138
lost_vs_control,THR60 -- TYR97
lost_vs_control,THR71 -- VAL70
lost_vs_control,TRP88 -- TYR26
lost_vs_control,TYR119 -- VAL29
lost_vs_control,TYR138 -- VAL61
lost_vs_control,TYR26 -- TYR30
lost_vs_control,TYR26 -- VAL215
lost_vs_control,TYR63 -- VAL184
lost_vs_control,TYR98 -- VAL90
lost_vs_control,VAL15 -- VAL25
lost_vs_control,VAL184 -- VAL200
lost_vs_control,VAL189 -- VAL189
lost_vs_control,VAL206 -- VAL89
lost_vs_control,VAL5 -- VAL5
lost_vs_control,VAL70 -- VAL70
gained_vs_control,ALA159 -- ALA159
gained_vs_control,ALA159 -- ASN35
gained_vs_control,ALA159 -- LYS34
