subject,Z_score,rmsd,ali_length,subject_length,seq_identity,subject_sequence,subject_chain
8c38I,25.9,0.5,164,165,99,RVVQPVIVEPIASGQGKAIKAWTGYSVSKWTASCAAAEAKVTSAITISLPNELSSERNKQLKVGRVLLWLGLLPSVSGTVKSCVTETQTTAAASFQVALAVADNSKDVVAAMYPEAFKGITLEQLTADLTIYLYSSAALTEGDVIVHLEVEHVRPTFDDSFTPVY,I
1za7C,25.8,0.5,164,165,99,RVVQPVIVEPIASGQGRAIKAWTGYSVSKWTASCAAAEAKVTSAITISLPNELSSERNKQLKVGRVLLWLGLLPSVSGTVKSCVTETQTTAAASFQVALAVADNSKDVVAAMYPEAFKGITLEQLAADLTIYLYSSAALTEGDVIVHLEVEHVRPTFDDSFTPVY,C
8cpyD,24.4,1.2,148,148,95,GKAIKAWTGYSVSKWTASCAAAEAKVTSAITISLPNELSSERNKQLKVGRVLLWLGLLPSVSGTVKSCVTETQTTAAASFQVALAVADNSKDVVAAMYPEAFKGITLEQLTADLTIYLYSSAALTEGDVIVHLEVEHVRPTFDDSFTP,D
6vocB,23.6,1.1,163,163,70,RVQPVIVEPLAAGQGKAIKAIAGYSISKWEASSDAITAKATNAMSITLPHELSSEKNKELKVGRVLLWLGLLPSVAGRIKACVAEKQAQAEAAFQVALAVADSSKEVVAAMYTDAFRGATLGDLLNLQIYLYASEAVPAKAVVVHLEVEHVRPTFDDFFTPVY,B
8bi4C,22.7,1.3,146,147,96,AIKAWTGYSVSKWTASCAAAEAKVTSAITISLPNELSSERNKQLKVGRVLLWLGLLPSVSGTVKSCVTETQTTAAASFQVALAVADNSKDVVAAMYPEAFKGITLEQLAADLTIYLYSSAALTEGDVIVHLEVEHVRPTFDDSFTPV,C
1yc6D,22.7,1.5,149,154,66,AAGQGKAIKAIAGYSISKWEASSDAITAKATNAMSITLPHELSSEKNKELKVGRVLLWLGLLPSVAGRIKACVAEKQAQAEAAFQVALAVADSSKEVVAAMYTDAFRGATLGDLLNLQIYLYASEAVPAKAVVVHLEVEHVRPTFDDFFTPVYR,D
3j7lC,22.1,1,163,164,70,RVQPVIVEPLAAGQGKAIKAIAGYSISKWEASSDAITAKATNAMSITLPHELSSEKNKELKVGRVLLWLGLLPSVAGRIKACVAEKQAQAEAAFQVALAVADSSKEVVAAMYTDAFRGATLGDLLNLQIYLYASEAVPAKAVVVHLEVEHVRPTFDDFFTPVYR,C
3j7nC,22.1,1,163,164,70,RVQPVIVEPLAAGQGKAIKAIAGYSISKWEASSDAITAKATNAMSITLPHELSSEKNKELKVGRVLLWLGLLPSVAGRIKACVAEKQAQAEAAFQVALAVADSSKEVVAAMYTDAFRGATLGDLLNLQIYLYASEAVPAKAVVVHLEVEHVRPTFDDFFTPVYR,C
3j7mB,22.1,1.3,163,165,70,ARVQPVIVEPLAAGQGKAIKAIAGYSISKWEASSDAITAKATNAMSITLPHELSSEKNKELKVGRVLLWLGLLPSVAGRIKACVAEKQAQAEAAFQVALAVADSSKEVVAAMYTDAFRGATLGDLLNLQIYLYASEAVPAKAVVVHLEVEHVRPTFDDFFTPVYR,B
1js9B,22,1.2,163,165,70,ARVQPVIVEPLAAGQGKAIKAIAGYSISKWEASSDAITAKATNAMSITLPHELSSEKNKELKVGRVLLWLGLLPSVAGRIKACVAEKQAQAEAAFQVALAVADSSKEVVAAMYTDAFRGATLGDLLNLQIYLYASEAVPAKAVVVHLEVEHVRPTFDDFFTPVYR,B
1f15A,15,2.2,137,157,18,ERCRPGYTFTSITLKPPKIDRGSYYGKRLLLPDSVTEYDKKLVSRLQIRVNPLPKFDSTVWVTVRKVPASSDLSVAAISAMFADGASPVLVYQYAASGVQANNKLLYDLSAMRADIGDMRKYAVLVYSKDDALETDELVLHVDIEHQRIPTSGVLPV,A
